,Algorithm,test_rmse,test_mae,fit_time,test_time
0,SVD,0.9700695392745718,0.6807036256729028,26.971,0.835
1,BaselineOnly,0.9672052008681087,0.6812922089852625,2.406,0.819
